course_id,course_name,topic_id,topic_name,content_id,content_name,display_name,Concepts
345,"Java Test (Hung)",555,Variables,253,jVariables5,"String Variables","ClassDefinition:0.0, PublicClassSpecifier:0.001445240874180953, FormalMethodParameter:0.042403848553087355, MethodDefinition:0.010219165181686028, PublicMethodSpecifier:0.010219165181686028, StaticMethodSpecifier:0.047202731434856086, VoidDataType:0.010219165181686028, StringInitializationStatement:1.2481175742155695, StringVariable:0.9872048017595707, StringDataType:0.8351138191076559, SimpleAssignmentExpression:0.02831738727448223, StringLiteral:0.8351138191076559, java.lang.System.out.print:0.8553172051959429, ActualMethodParameter:0.4030195342013126"
345,"Java Test (Hung)",555,Variables,508,jVariable4_rev,"int Variables 4","ClassDefinition:0.0, PublicClassSpecifier:0.001445240874180953, FormalMethodParameter:0.042403848553087355, MethodDefinition:0.010219165181686028, PublicMethodSpecifier:0.010219165181686028, StaticMethodSpecifier:0.047202731434856086, VoidDataType:0.010219165181686028, IntDataType:0.14837283835118278, SimpleAssignmentExpression:0.047945504424613664, MultiplyExpression:0.770996319495907, java.lang.System.out.print:0.8553172051959429, ActualMethodParameter:0.4030195342013126"
345,"Java Test (Hung)",555,Variables,251,jVariables3,"int Variables 3","ClassDefinition:0.0, PublicClassSpecifier:0.001445240874180953, FormalMethodParameter:0.042403848553087355, MethodDefinition:0.010219165181686028, PublicMethodSpecifier:0.010219165181686028, StaticMethodSpecifier:0.047202731434856086, VoidDataType:0.010219165181686028, IntDataType:0.08763138849046424, SimpleAssignmentExpression:0.02831738727448223, java.lang.System.out.print:0.8553172051959429"
345,"Java Test (Hung)",555,Variables,509,jprintlnTest,"println Test","ClassDefinition:0.0, PublicClassSpecifier:0.001445240874180953, FormalMethodParameter:0.042403848553087355, MethodDefinition:0.010219165181686028, PublicMethodSpecifier:0.010219165181686028, StaticMethodSpecifier:0.047202731434856086, VoidDataType:0.010219165181686028, IntDataType:0.08763138849046424, SimpleAssignmentExpression:0.02831738727448223, java.lang.System.out.println:0.8351138191076559, ActualMethodParameter:0.4030195342013126"
345,"Java Test (Hung)",555,Variables,250,jVariables2,"int Variables 2","ClassDefinition:0.0, PublicClassSpecifier:0.001445240874180953, FormalMethodParameter:0.042403848553087355, MethodDefinition:0.010219165181686028, PublicMethodSpecifier:0.010219165181686028, StaticMethodSpecifier:0.047202731434856086, VoidDataType:0.010219165181686028, IntDataType:0.14837283835118278, SimpleAssignmentExpression:0.047945504424613664, MultiplyExpression:0.770996319495907, AddExpression:0.38866138415444546"
345,"Java Test (Hung)",555,Variables,507,jVariable1_rev,"int Variable 1","ClassDefinition:0.0, PublicClassSpecifier:0.001445240874180953, FormalMethodParameter:0.042403848553087355, MethodDefinition:0.010219165181686028, PublicMethodSpecifier:0.010219165181686028, StaticMethodSpecifier:0.047202731434856086, VoidDataType:0.010219165181686028, IntDataType:0.08763138849046424, SimpleAssignmentExpression:0.047945504424613664, AddExpression:0.38866138415444546"
345,"Java Test (Hung)",555,Variables,510,jSimpleVariableTest,"Simple Variable Test","ClassDefinition:0.0, PublicClassSpecifier:0.001445240874180953, FormalMethodParameter:0.042403848553087355, MethodDefinition:0.010219165181686028, PublicMethodSpecifier:0.010219165181686028, StaticMethodSpecifier:0.047202731434856086, VoidDataType:0.010219165181686028, IntDataType:0.14837283835118278, SimpleVariable:0.6524916928930169, SimpleAssignmentExpression:0.047945504424613664, MultiplyExpression:0.770996319495907"
345,"Java Test (Hung)",556,"Primitive Data Types",557,jusingFloat,"Using float","ClassDefinition:0.0, PublicClassSpecifier:0.001445240874180953, FormalMethodParameter:0.042403848553087355, MethodDefinition:0.010219165181686028, PublicMethodSpecifier:0.010219165181686028, StaticMethodSpecifier:0.047202731434856086, VoidDataType:0.010219165181686028, FloatDataType:2.1775364999298623, SimpleAssignmentExpression:0.02831738727448223, AddExpression:0.38866138415444546"
345,"Java Test (Hung)",556,"Primitive Data Types",267,jPrimitive_Float,"Using float","LessExpression:0.38165648258578694, ClassDefinition:0.0, PublicClassSpecifier:0.001445240874180953, FormalMethodParameter:0.042403848553087355, MethodDefinition:0.010219165181686028, PublicMethodSpecifier:0.010219165181686028, StaticMethodSpecifier:0.047202731434856086, VoidDataType:0.010219165181686028, FloatDataType:2.1775364999298623, SimpleAssignmentExpression:0.02831738727448223, ExplicitTypeCasting:1.2481175742155695"
345,"Java Test (Hung)",556,"Primitive Data Types",556,jUsingDouble,"Using Double","ClassDefinition:0.0, PublicClassSpecifier:0.001445240874180953, FormalMethodParameter:0.042403848553087355, MethodDefinition:0.010219165181686028, PublicMethodSpecifier:0.010219165181686028, StaticMethodSpecifier:0.047202731434856086, VoidDataType:0.010219165181686028, IntDataType:0.08763138849046424, SimpleAssignmentExpression:0.047945504424613664, DoubleDataType:0.6723865216099562, AddExpression:0.38866138415444546"
345,"Java Test (Hung)",557,Constants,271,jConstants2,"Constants 2","ClassDefinition:0.0, PublicClassSpecifier:0.001445240874180953, FormalMethodParameter:0.042403848553087355, MethodDefinition:0.010219165181686028, PublicMethodSpecifier:0.010219165181686028, StaticMethodSpecifier:0.047202731434856086, VoidDataType:0.010219165181686028, Constant:1.2744465129379186, ConstantInitializationStatement:1.3024752365381622, DoubleDataType:1.1384493433104061, SimpleAssignmentExpression:0.05942721691720237, IntDataType:0.08763138849046424, MultiplyExpression:0.770996319495907"
345,"Java Test (Hung)",558,"Arithmetic Operations",560,jDivision,Division,"ClassDefinition:0.0, PublicClassSpecifier:0.001445240874180953, FormalMethodParameter:0.042403848553087355, MethodDefinition:0.010219165181686028, PublicMethodSpecifier:0.010219165181686028, StaticMethodSpecifier:0.047202731434856086, VoidDataType:0.010219165181686028, DoubleDataType:1.1384493433104061, SimpleAssignmentExpression:0.0675736215747451, DivideExpression:1.9937426048626723, IntDataType:0.18390430875913744, SimpleVariable:0.6524916928930169, ExplicitTypeCasting:2.1132467517904097, java.lang.Math.round:3.686889785422618, ActualMethodParameter:0.9617232418857572, AddExpression:0.6580609267736252, java.lang.System.out.println:1.413970608268776"
345,"Java Test (Hung)",558,"Arithmetic Operations",266,jInt_Long,"Using double and Math class","ClassDefinition:0.0, PublicClassSpecifier:0.001445240874180953, FormalMethodParameter:0.042403848553087355, MethodDefinition:0.010219165181686028, PublicMethodSpecifier:0.010219165181686028, StaticMethodSpecifier:0.047202731434856086, VoidDataType:0.010219165181686028, DoubleDataType:0.6723865216099562, SimpleAssignmentExpression:0.047945504424613664, IntDataType:0.08763138849046424, ExplicitTypeCasting:1.2481175742155695, java.lang.Math.round:2.1775364999298623, ActualMethodParameter:0.4030195342013126"
345,"Java Test (Hung)",558,"Arithmetic Operations",273,jMathFuc1,"Using Math class 1","ClassDefinition:0.0, PublicClassSpecifier:0.001445240874180953, FormalMethodParameter:0.042403848553087355, MethodDefinition:0.010219165181686028, PublicMethodSpecifier:0.010219165181686028, StaticMethodSpecifier:0.047202731434856086, VoidDataType:0.010219165181686028, DoubleDataType:0.6723865216099562, SimpleAssignmentExpression:0.02831738727448223, AddExpression:0.38866138415444546, java.lang.Math.sqrt:2.4785664955938436, ActualMethodParameter:0.4030195342013126"
345,"Java Test (Hung)",558,"Arithmetic Operations",274,jMathFuc2,"Using Math class 2","ClassDefinition:0.0, PublicClassSpecifier:0.001445240874180953, FormalMethodParameter:0.042403848553087355, MethodDefinition:0.010219165181686028, PublicMethodSpecifier:0.010219165181686028, StaticMethodSpecifier:0.047202731434856086, VoidDataType:0.010219165181686028, IntDataType:0.08763138849046424, SimpleAssignmentExpression:0.02831738727448223, ExplicitTypeCasting:1.2481175742155695, java.lang.Math.pow:1.876506504265881, ActualMethodParameter:0.4030195342013126"
345,"Java Test (Hung)",558,"Arithmetic Operations",276,jIncrement,"Increment Operator","ClassDefinition:0.0, PublicClassSpecifier:0.001445240874180953, FormalMethodParameter:0.042403848553087355, MethodDefinition:0.010219165181686028, PublicMethodSpecifier:0.010219165181686028, StaticMethodSpecifier:0.047202731434856086, VoidDataType:0.010219165181686028, IntDataType:0.14837283835118278, SimpleAssignmentExpression:0.047945504424613664, PreIncrementExpression:2.4785664955938436"
345,"Java Test (Hung)",558,"Arithmetic Operations",516,jPreDecrement,"Pre Decrement","ClassDefinition:0.0, PublicClassSpecifier:0.001445240874180953, FormalMethodParameter:0.042403848553087355, MethodDefinition:0.010219165181686028, PublicMethodSpecifier:0.010219165181686028, StaticMethodSpecifier:0.047202731434856086, VoidDataType:0.010219165181686028, IntDataType:0.14837283835118278, SimpleAssignmentExpression:0.047945504424613664, PreDecrementExpression:2.4785664955938436"
345,"Java Test (Hung)",558,"Arithmetic Operations",265,jDouble1,"Using double ","ClassDefinition:0.0, PublicClassSpecifier:0.001445240874180953, FormalMethodParameter:0.042403848553087355, MethodDefinition:0.010219165181686028, PublicMethodSpecifier:0.010219165181686028, StaticMethodSpecifier:0.047202731434856086, VoidDataType:0.010219165181686028, DoubleDataType:0.6723865216099562, SimpleAssignmentExpression:0.047945504424613664, IntDataType:0.08763138849046424, ExplicitTypeCasting:1.2481175742155695, AddExpression:0.38866138415444546"
345,"Java Test (Hung)",558,"Arithmetic Operations",349,jConstants3,"Constants in Math class","ClassDefinition:0.0, PublicClassSpecifier:0.001445240874180953, FormalMethodParameter:0.042403848553087355, MethodDefinition:0.010219165181686028, PublicMethodSpecifier:0.010219165181686028, StaticMethodSpecifier:0.047202731434856086, VoidDataType:0.010219165181686028, IntDataType:0.08763138849046424, SimpleAssignmentExpression:0.02831738727448223, ExplicitTypeCasting:1.2481175742155695, Constant:1.2744465129379186, ConstantInvocation:1.4785664955938433, AddExpression:0.38866138415444546"
345,"Java Test (Hung)",558,"Arithmetic Operations",275,jOperator1,"Modulus Operator","ClassDefinition:0.0, PublicClassSpecifier:0.001445240874180953, FormalMethodParameter:0.042403848553087355, MethodDefinition:0.010219165181686028, PublicMethodSpecifier:0.010219165181686028, StaticMethodSpecifier:0.047202731434856086, VoidDataType:0.010219165181686028, IntDataType:0.08763138849046424, SimpleAssignmentExpression:0.02831738727448223, ModulusExpression:1.0635931476230254"
345,"Java Test (Hung)",558,"Arithmetic Operations",515,jPostDecrement,"Post Decrement","ClassDefinition:0.0, PublicClassSpecifier:0.001445240874180953, FormalMethodParameter:0.042403848553087355, MethodDefinition:0.010219165181686028, PublicMethodSpecifier:0.010219165181686028, StaticMethodSpecifier:0.047202731434856086, VoidDataType:0.010219165181686028, IntDataType:0.14837283835118278, SimpleAssignmentExpression:0.047945504424613664, PostDecrementExpression:1.1361438147716372"
345,"Java Test (Hung)",558,"Arithmetic Operations",272,jVariable1,"Operations with int","ClassDefinition:0.0, PublicClassSpecifier:0.001445240874180953, FormalMethodParameter:0.042403848553087355, MethodDefinition:0.010219165181686028, PublicMethodSpecifier:0.010219165181686028, StaticMethodSpecifier:0.047202731434856086, VoidDataType:0.010219165181686028, IntDataType:0.08763138849046424, SimpleAssignmentExpression:0.02831738727448223, AddAssignmentExpression:0.7542906259930543"
345,"Java Test (Hung)",558,"Arithmetic Operations",513,jCompoundAssignment_mult,"Compound Assignment","ClassDefinition:0.0, PublicClassSpecifier:0.001445240874180953, FormalMethodParameter:0.042403848553087355, MethodDefinition:0.010219165181686028, PublicMethodSpecifier:0.010219165181686028, StaticMethodSpecifier:0.047202731434856086, VoidDataType:0.010219165181686028, IntDataType:0.08763138849046424, SimpleAssignmentExpression:0.02831738727448223, MultiplyAssignmentExpression:2.4785664955938436"
345,"Java Test (Hung)",558,"Arithmetic Operations",517,jMathAbs,"Using Math Class (abs)","ClassDefinition:0.0, PublicClassSpecifier:0.001445240874180953, FormalMethodParameter:0.042403848553087355, MethodDefinition:0.010219165181686028, PublicMethodSpecifier:0.010219165181686028, StaticMethodSpecifier:0.047202731434856086, VoidDataType:0.010219165181686028, DoubleDataType:0.6723865216099562, SimpleAssignmentExpression:0.02831738727448223, SubtractExpression:0.44918271790863373, java.lang.Math.abs:2.1775364999298623, ActualMethodParameter:0.4030195342013126"
345,"Java Test (Hung)",558,"Arithmetic Operations",518,jMathCeil,"Using Math Class (ceil)","ClassDefinition:0.0, PublicClassSpecifier:0.001445240874180953, FormalMethodParameter:0.042403848553087355, MethodDefinition:0.010219165181686028, PublicMethodSpecifier:0.010219165181686028, StaticMethodSpecifier:0.047202731434856086, VoidDataType:0.010219165181686028, DoubleDataType:1.1384493433104061, SimpleAssignmentExpression:0.047945504424613664, SubtractExpression:0.44918271790863373, java.lang.Math.ceil:2.4785664955938436, ActualMethodParameter:0.4030195342013126"
345,"Java Test (Hung)",559,Strings,282,jString6,"Strings 6","ClassDefinition:0.0, PublicClassSpecifier:0.001445240874180953, FormalMethodParameter:0.042403848553087355, MethodDefinition:0.010219165181686028, PublicMethodSpecifier:0.010219165181686028, StaticMethodSpecifier:0.047202731434856086, VoidDataType:0.010219165181686028, java.lang.System.out.print:0.8553172051959429, ActualMethodParameter:0.4030195342013126, java.lang.String.substring:2.001445240874181, StringDataType:0.8351138191076559, StringLiteralMethodInvocation:2.4785664955938436, StringLiteral:0.8351138191076559"
345,"Java Test (Hung)",559,Strings,277,jString1,"Strings 1","ClassDefinition:0.0, PublicClassSpecifier:0.001445240874180953, FormalMethodParameter:0.042403848553087355, MethodDefinition:0.010219165181686028, PublicMethodSpecifier:0.010219165181686028, StaticMethodSpecifier:0.047202731434856086, VoidDataType:0.010219165181686028, StringInitializationStatement:1.2481175742155695, StringVariable:1.671483026734457, StringDataType:1.413970608268776, SimpleAssignmentExpression:0.047945504424613664, StringLiteral:0.8351138191076559, java.lang.String.substring:2.001445240874181, ObjectMethodInvocation:0.6723865216099562, ActualMethodParameter:0.6823713880435349, java.lang.System.out.print:0.8553172051959429"
345,"Java Test (Hung)",559,Strings,280,jString4,"Strings 4","ClassDefinition:0.0, PublicClassSpecifier:0.001445240874180953, FormalMethodParameter:0.042403848553087355, MethodDefinition:0.010219165181686028, PublicMethodSpecifier:0.010219165181686028, StaticMethodSpecifier:0.047202731434856086, VoidDataType:0.010219165181686028, StringInitializationStatement:1.2481175742155695, StringVariable:0.9872048017595707, StringDataType:0.8351138191076559, SimpleAssignmentExpression:0.047945504424613664, StringLiteral:0.8351138191076559, CharDataType:2.4785664955938436, java.lang.String.charAt:2.001445240874181, ObjectMethodInvocation:0.6723865216099562, ActualMethodParameter:0.6823713880435349, java.lang.System.out.print:0.8553172051959429"
345,"Java Test (Hung)",559,Strings,268,jString_to_Int,"Converting String to int","ClassDefinition:0.0, PublicClassSpecifier:0.001445240874180953, FormalMethodParameter:0.042403848553087355, MethodDefinition:0.010219165181686028, PublicMethodSpecifier:0.010219165181686028, StaticMethodSpecifier:0.047202731434856086, VoidDataType:0.010219165181686028, StringInitializationStatement:1.2481175742155695, StringVariable:0.9872048017595707, StringDataType:0.8351138191076559, SimpleAssignmentExpression:0.047945504424613664, StringLiteral:0.8351138191076559, IntDataType:0.08763138849046424, java.lang.Integer.parseInt:2.4785664955938436, ActualMethodParameter:0.4030195342013126, AddExpression:0.38866138415444546"
345,"Java Test (Hung)",559,Strings,269,jString_to_Double,"Converting String to double","ClassDefinition:0.0, PublicClassSpecifier:0.001445240874180953, FormalMethodParameter:0.042403848553087355, MethodDefinition:0.010219165181686028, PublicMethodSpecifier:0.010219165181686028, StaticMethodSpecifier:0.047202731434856086, VoidDataType:0.010219165181686028, StringInitializationStatement:1.2481175742155695, StringVariable:0.9872048017595707, StringDataType:0.8351138191076559, SimpleAssignmentExpression:0.047945504424613664, StringLiteral:0.8351138191076559, DoubleDataType:0.6723865216099562, java.lang.Double.parseDouble:2.4785664955938436, ActualMethodParameter:0.4030195342013126"
345,"Java Test (Hung)",559,Strings,278,jString2,"Strings 2","ClassDefinition:0.0, PublicClassSpecifier:0.001445240874180953, FormalMethodParameter:0.042403848553087355, MethodDefinition:0.010219165181686028, PublicMethodSpecifier:0.010219165181686028, StaticMethodSpecifier:0.047202731434856086, VoidDataType:0.010219165181686028, StringInitializationStatement:3.256885317333389, StringVariable:2.756038353379686, StringDataType:2.3314369123770033, SimpleAssignmentExpression:0.08342047856662699, StringLiteral:2.179177660777151, IntDataType:0.08763138849046424, java.lang.String.length:1.7004152452101997"
345,"Java Test (Hung)",559,Strings,558,jStringReplace,"String (replace)","ClassDefinition:0.0, PublicClassSpecifier:0.001445240874180953, FormalMethodParameter:0.042403848553087355, MethodDefinition:0.010219165181686028, PublicMethodSpecifier:0.010219165181686028, StaticMethodSpecifier:0.047202731434856086, VoidDataType:0.010219165181686028, StringInitializationStatement:1.2481175742155695, StringVariable:1.671483026734457, StringDataType:1.9928273974298958, SimpleAssignmentExpression:0.05942721691720237, StringLiteral:1.9928273974298958, StringAddition:1.2232939904905373, java.lang.String.charAt:2.001445240874181, ObjectMethodInvocation:1.4110786169854597, ActualMethodParameter:1.0516544519964366, java.lang.String.length:1.7004152452101997, SubtractExpression:0.44918271790863373, java.lang.System.out.println:1.7525801232158837, java.lang.String.replace:3.686889785422618"
345,"Java Test (Hung)",559,Strings,281,jString5,"Strings 5","ClassDefinition:0.0, PublicClassSpecifier:0.001445240874180953, FormalMethodParameter:0.042403848553087355, MethodDefinition:0.010219165181686028, PublicMethodSpecifier:0.010219165181686028, StaticMethodSpecifier:0.047202731434856086, VoidDataType:0.010219165181686028, StringVariable:0.9872048017595707, StringDataType:0.8351138191076559, SimpleAssignmentExpression:0.047945504424613664, StringCreationStatement:1.876506504265881, StringConstructorCall:1.876506504265881, ActualMethodParameter:0.6823713880435349, StringLiteral:0.8351138191076559, IntDataType:0.08763138849046424, java.lang.System.out.print:0.8553172051959429, AddExpression:0.38866138415444546"
345,"Java Test (Hung)",559,Strings,555,jStringEqual,"String (equals)","ClassDefinition:0.0, PublicClassSpecifier:0.001445240874180953, FormalMethodParameter:0.042403848553087355, MethodDefinition:0.010219165181686028, PublicMethodSpecifier:0.010219165181686028, StaticMethodSpecifier:0.047202731434856086, VoidDataType:0.010219165181686028, StringVariable:2.3557612517093434, StringDataType:1.9928273974298958, SimpleAssignmentExpression:0.0675736215747451, StringCreationStatement:3.1772016970001755, StringConstructorCall:3.1772016970001755, ActualMethodParameter:1.1251336008903943, StringLiteral:1.9928273974298958, StringAddition:2.071216770994978, java.lang.String.charAt:3.3887413666312405, ObjectMethodInvocation:1.604512165010856, java.lang.System.out.println:1.413970608268776, java.lang.String.equalsIgnoreCase:1.7004152452101997, java.lang.String.equals:1.7004152452101997"
345,"Java Test (Hung)",560,"Boolean Expression",531,jtestNull,"Test Null","ClassDefinition:0.0, PublicClassSpecifier:0.001445240874180953, FormalMethodParameter:0.042403848553087355, MethodDefinition:0.010219165181686028, PublicMethodSpecifier:0.010219165181686028, StaticMethodSpecifier:0.047202731434856086, VoidDataType:0.010219165181686028, StringInitializationStatement:1.2481175742155695, StringVariable:0.9872048017595707, StringDataType:1.413970608268776, SimpleAssignmentExpression:0.05942721691720237, StringLiteral:1.413970608268776, IntDataType:0.08763138849046424, IfStatement:0.6035052322021434, LessExpression:0.38165648258578694, java.lang.System.out.println:1.413970608268776, ActualMethodParameter:0.6823713880435349, EqualExpression:1.413970608268776, null:2.001445240874181"
345,"Java Test (Hung)",560,"Boolean Expression",289,jBoolean_Method,"Comparing Strings","ClassDefinition:0.0, PublicClassSpecifier:0.001445240874180953, FormalMethodParameter:0.042403848553087355, MethodDefinition:0.010219165181686028, PublicMethodSpecifier:0.010219165181686028, StaticMethodSpecifier:0.047202731434856086, VoidDataType:0.010219165181686028, StringVariable:1.671483026734457, StringDataType:1.413970608268776, SimpleAssignmentExpression:0.05942721691720237, StringCreationStatement:3.1772016970001755, StringConstructorCall:3.1772016970001755, ActualMethodParameter:0.8457817470481722, StringLiteral:1.413970608268776, IntDataType:0.08763138849046424, IfStatement:1.0218231823562343, EqualExpression:0.8351138191076559, PostIncrementExpression:0.4532606303290731, java.lang.String.equals:1.7004152452101997, ObjectMethodInvocation:0.6723865216099562, PostDecrementExpression:1.1361438147716372"
345,"Java Test (Hung)",560,"Boolean Expression",525,jbooleanOperationsNot,"Boolean Operations (Not)","ClassDefinition:0.0, PublicClassSpecifier:0.001445240874180953, FormalMethodParameter:0.042403848553087355, MethodDefinition:0.010219165181686028, PublicMethodSpecifier:0.010219165181686028, StaticMethodSpecifier:0.047202731434856086, VoidDataType:0.010219165181686028, IntDataType:0.08763138849046424, SimpleAssignmentExpression:0.02831738727448223, IfStatement:0.6035052322021434, NotExpression:1.7004152452101997, GreaterExpression:0.730378468587643, AndExpression:1.3993852495462185, LessExpression:0.38165648258578694, PostIncrementExpression:0.4532606303290731"
345,"Java Test (Hung)",560,"Boolean Expression",288,jBoolean_Var,"Using boolean","ClassDefinition:0.0, PublicClassSpecifier:0.001445240874180953, FormalMethodParameter:0.042403848553087355, MethodDefinition:0.010219165181686028, PublicMethodSpecifier:0.010219165181686028, StaticMethodSpecifier:0.047202731434856086, VoidDataType:0.010219165181686028, BooleanDataType:1.2744465129379186, SimpleAssignmentExpression:0.047945504424613664, False:1.6334684555795864, IfStatement:0.6035052322021434, GreaterExpression:0.730378468587643, True:1.6334684555795864, java.lang.System.out.print:0.8553172051959429, ActualMethodParameter:0.4030195342013126"
345,"Java Test (Hung)",560,"Boolean Expression",524,jbooleanOperationsOR,"Boolean Operations (OR)","ClassDefinition:0.0, PublicClassSpecifier:0.001445240874180953, FormalMethodParameter:0.042403848553087355, MethodDefinition:0.010219165181686028, PublicMethodSpecifier:0.010219165181686028, StaticMethodSpecifier:0.047202731434856086, VoidDataType:0.010219165181686028, IntDataType:0.14837283835118278, SimpleAssignmentExpression:0.047945504424613664, SubtractExpression:0.44918271790863373, java.lang.System.out.println:0.8351138191076559, ActualMethodParameter:0.4030195342013126, GreaterExpression:0.730378468587643, OrExpression:2.4785664955938436"
345,"Java Test (Hung)",560,"Boolean Expression",526,jbooleanOperationsNotEqual,"Boolean Operations (Not equal)","ClassDefinition:0.0, PublicClassSpecifier:0.001445240874180953, FormalMethodParameter:0.042403848553087355, MethodDefinition:0.010219165181686028, PublicMethodSpecifier:0.010219165181686028, StaticMethodSpecifier:0.047202731434856086, VoidDataType:0.010219165181686028, IntDataType:0.08763138849046424, SimpleAssignmentExpression:0.05942721691720237, StringInitializationStatement:1.2481175742155695, StringVariable:0.9872048017595707, StringDataType:1.413970608268776, StringLiteral:1.413970608268776, IfStatement:0.6035052322021434, java.lang.Math.abs:2.1775364999298623, ActualMethodParameter:0.6823713880435349, NotEqualExpression:1.6334684555795864, java.lang.System.out.print:0.8553172051959429"
345,"Java Test (Hung)",560,"Boolean Expression",290,jBoolean_Operators,"Boolean Operations (AND)","ClassDefinition:0.0, PublicClassSpecifier:0.001445240874180953, FormalMethodParameter:0.042403848553087355, MethodDefinition:0.010219165181686028, PublicMethodSpecifier:0.010219165181686028, StaticMethodSpecifier:0.047202731434856086, VoidDataType:0.010219165181686028, IntDataType:0.08763138849046424, SimpleAssignmentExpression:0.02831738727448223, IfStatement:0.6035052322021434, GreaterExpression:0.730378468587643, AndExpression:1.3993852495462185, LessExpression:0.38165648258578694, PostIncrementExpression:0.4532606303290731"
345,"Java Test (Hung)",560,"Boolean Expression",527,jbooleanOperationsLessEqual,"Boolean Operations (Less equal)","ClassDefinition:0.0, PublicClassSpecifier:0.001445240874180953, FormalMethodParameter:0.042403848553087355, MethodDefinition:0.010219165181686028, PublicMethodSpecifier:0.010219165181686028, StaticMethodSpecifier:0.047202731434856086, VoidDataType:0.010219165181686028, IntDataType:0.08763138849046424, SimpleAssignmentExpression:0.02831738727448223, IfStatement:0.6035052322021434, LessEqualExpression:1.7004152452101997, PostIncrementExpression:0.4532606303290731"
345,"Java Test (Hung)",560,"Boolean Expression",528,jbooleanOperationsGreaterEqual,"Boolean Operations (Greater equal)","ClassDefinition:0.0, PublicClassSpecifier:0.001445240874180953, FormalMethodParameter:0.042403848553087355, MethodDefinition:0.010219165181686028, PublicMethodSpecifier:0.010219165181686028, StaticMethodSpecifier:0.047202731434856086, VoidDataType:0.010219165181686028, IntDataType:0.08763138849046424, SimpleAssignmentExpression:0.02831738727448223, IfStatement:0.6035052322021434, GreaterEqualExpression:1.7004152452101997, PostIncrementExpression:0.4532606303290731"
345,"Java Test (Hung)",560,"Boolean Expression",283,jIfelse1,"if-else 1","ClassDefinition:0.0, PublicClassSpecifier:0.001445240874180953, FormalMethodParameter:0.042403848553087355, MethodDefinition:0.010219165181686028, PublicMethodSpecifier:0.010219165181686028, StaticMethodSpecifier:0.047202731434856086, VoidDataType:0.010219165181686028, IntDataType:0.08763138849046424, SimpleAssignmentExpression:0.02831738727448223, IfStatement:0.6035052322021434, ModulusExpression:1.0635931476230254, GreaterExpression:0.730378468587643, AddAssignmentExpression:0.7542906259930543"
345,"Java Test (Hung)",560,"Boolean Expression",292,jBoolean_Operators3,"Comparisons 2","ClassDefinition:0.0, PublicClassSpecifier:0.001445240874180953, FormalMethodParameter:0.042403848553087355, MethodDefinition:0.010219165181686028, PublicMethodSpecifier:0.010219165181686028, StaticMethodSpecifier:0.047202731434856086, VoidDataType:0.010219165181686028, IntDataType:0.08763138849046424, SimpleAssignmentExpression:0.02831738727448223, java.lang.System.out.print:0.8553172051959429, ActualMethodParameter:0.4030195342013126, GreaterExpression:0.730378468587643"
345,"Java Test (Hung)",561,If-Else,559,jEarthquake,Earthquake,"ClassDefinition:0.0, PublicClassSpecifier:0.001445240874180953, FormalMethodParameter:0.042403848553087355, MethodDefinition:0.010219165181686028, PublicMethodSpecifier:0.010219165181686028, StaticMethodSpecifier:0.047202731434856086, VoidDataType:0.010219165181686028, StringVariable:0.9872048017595707, StringDataType:2.5716841865910154, SimpleVariable:0.6524916928930169, DoubleDataType:0.6723865216099562, SimpleAssignmentExpression:0.08720173872487652, IfElseIfStatement:4.26243451675455, LessEqualExpression:1.7004152452101997, StringLiteral:2.4601702753255865, LessExpression:0.9959088951855976, IfElseStatement:1.177536499929862, java.lang.System.out.println:0.8351138191076559, ActualMethodParameter:0.4030195342013126"
345,"Java Test (Hung)",561,If-Else,287,jIfelse5,"if-else 5","ClassDefinition:0.0, PublicClassSpecifier:0.001445240874180953, FormalMethodParameter:0.042403848553087355, MethodDefinition:0.010219165181686028, PublicMethodSpecifier:0.010219165181686028, StaticMethodSpecifier:0.047202731434856086, VoidDataType:0.010219165181686028, IntDataType:0.14837283835118278, SimpleAssignmentExpression:0.0675736215747451, MultiplyExpression:0.770996319495907, IfElseIfStatement:1.6334684555795864, GreaterExpression:1.5327812295566228, IfElseStatement:1.9937426048626723, ModulusExpression:1.8008197391608032, PostIncrementExpression:0.4532606303290731, PostDecrementExpression:1.1361438147716372"
345,"Java Test (Hung)",562,"Loops while",297,jWhile2,"Loop While 2","ClassDefinition:0.0, PublicClassSpecifier:0.001445240874180953, FormalMethodParameter:0.042403848553087355, MethodDefinition:0.010219165181686028, PublicMethodSpecifier:0.010219165181686028, StaticMethodSpecifier:0.047202731434856086, VoidDataType:0.010219165181686028, IntDataType:0.08763138849046424, SimpleAssignmentExpression:0.02831738727448223, WhileStatement:0.770996319495907, EqualExpression:0.8351138191076559, PostDecrementExpression:1.1361438147716372"
345,"Java Test (Hung)",562,"Loops while",298,jWhile3,"Loop While 3","ClassDefinition:0.0, PublicClassSpecifier:0.001445240874180953, FormalMethodParameter:0.042403848553087355, MethodDefinition:0.010219165181686028, PublicMethodSpecifier:0.010219165181686028, StaticMethodSpecifier:0.047202731434856086, VoidDataType:0.010219165181686028, IntDataType:0.18390430875913744, SimpleAssignmentExpression:0.05942721691720237, WhileStatement:0.770996319495907, LessExpression:0.38165648258578694, AddAssignmentExpression:0.7542906259930543, PostIncrementExpression:0.4532606303290731"
345,"Java Test (Hung)",562,"Loops while",299,jWhile4,"Problem 1","ClassDefinition:0.0, PublicClassSpecifier:0.001445240874180953, FormalMethodParameter:0.042403848553087355, MethodDefinition:0.010219165181686028, PublicMethodSpecifier:0.010219165181686028, StaticMethodSpecifier:0.047202731434856086, VoidDataType:0.010219165181686028, IntDataType:0.14837283835118278, SimpleAssignmentExpression:0.047945504424613664, WhileStatement:0.770996319495907, LessExpression:0.38165648258578694, IfStatement:0.6035052322021434, ModulusExpression:1.0635931476230254, EqualExpression:0.8351138191076559, PostIncrementExpression:0.7674369583004937"
345,"Java Test (Hung)",562,"Loops while",296,jWhile1,"Loop While 1","ClassDefinition:0.0, PublicClassSpecifier:0.001445240874180953, FormalMethodParameter:0.042403848553087355, MethodDefinition:0.010219165181686028, PublicMethodSpecifier:0.010219165181686028, StaticMethodSpecifier:0.047202731434856086, VoidDataType:0.010219165181686028, IntDataType:0.08763138849046424, SimpleAssignmentExpression:0.02831738727448223, WhileStatement:0.770996319495907, PostIncrementExpression:0.4532606303290731"
345,"Java Test (Hung)",563,"Loops do while",306,jDowhile8,"Problem 3","ClassDefinition:0.0, PublicClassSpecifier:0.001445240874180953, FormalMethodParameter:0.042403848553087355, MethodDefinition:0.010219165181686028, PublicMethodSpecifier:0.010219165181686028, StaticMethodSpecifier:0.047202731434856086, VoidDataType:0.010219165181686028, IntDataType:0.14837283835118278, SimpleAssignmentExpression:0.047945504424613664, DoStatement:1.1168386595762505, WhileStatement:1.3054102445765898, LessExpression:0.38165648258578694, PostIncrementExpression:0.4532606303290731, IfStatement:1.0218231823562343, ModulusExpression:1.8008197391608032, EqualExpression:1.413970608268776, AddAssignmentExpression:1.2771250467229363, GreaterExpression:0.730378468587643, PostDecrementExpression:1.1361438147716372"
345,"Java Test (Hung)",563,"Loops do while",302,jDowhile2,"Loop Do-While 2","ClassDefinition:0.0, PublicClassSpecifier:0.001445240874180953, FormalMethodParameter:0.042403848553087355, MethodDefinition:0.010219165181686028, PublicMethodSpecifier:0.010219165181686028, StaticMethodSpecifier:0.047202731434856086, VoidDataType:0.010219165181686028, IntDataType:0.14837283835118278, SimpleAssignmentExpression:0.047945504424613664, DoStatement:1.1168386595762505, WhileStatement:0.770996319495907, GreaterEqualExpression:1.7004152452101997, PostDecrementExpression:1.1361438147716372"
345,"Java Test (Hung)",563,"Loops do while",303,jDowhile3,"Loop Do-While 3","ClassDefinition:0.0, PublicClassSpecifier:0.001445240874180953, FormalMethodParameter:0.042403848553087355, MethodDefinition:0.010219165181686028, PublicMethodSpecifier:0.010219165181686028, StaticMethodSpecifier:0.047202731434856086, VoidDataType:0.010219165181686028, IntDataType:0.08763138849046424, SimpleAssignmentExpression:0.02831738727448223, DoStatement:1.1168386595762505, WhileStatement:0.770996319495907, SubtractExpression:0.44918271790863373, GreaterExpression:0.730378468587643, AddAssignmentExpression:0.7542906259930543"
345,"Java Test (Hung)",563,"Loops do while",305,jDowhile6,"Problem 2","ClassDefinition:0.0, PublicClassSpecifier:0.001445240874180953, FormalMethodParameter:0.042403848553087355, MethodDefinition:0.010219165181686028, PublicMethodSpecifier:0.010219165181686028, StaticMethodSpecifier:0.047202731434856086, VoidDataType:0.010219165181686028, IntDataType:0.14837283835118278, SimpleAssignmentExpression:0.047945504424613664, DoStatement:1.1168386595762505, WhileStatement:0.770996319495907, LessExpression:0.38165648258578694, PostIncrementExpression:0.4532606303290731, AddAssignmentExpression:0.7542906259930543, SubtractExpression:0.44918271790863373"
345,"Java Test (Hung)",563,"Loops do while",301,jDowhile1,"Loop Do-While 1","ClassDefinition:0.0, PublicClassSpecifier:0.001445240874180953, FormalMethodParameter:0.042403848553087355, MethodDefinition:0.010219165181686028, PublicMethodSpecifier:0.010219165181686028, StaticMethodSpecifier:0.047202731434856086, VoidDataType:0.010219165181686028, IntDataType:0.14837283835118278, SimpleAssignmentExpression:0.047945504424613664, DoStatement:1.1168386595762505, WhileStatement:0.770996319495907, LessExpression:0.38165648258578694, PostIncrementExpression:0.4532606303290731"
345,"Java Test (Hung)",564,"Loops for",307,jFor1,"Loop For 1","ClassDefinition:0.0, PublicClassSpecifier:0.001445240874180953, FormalMethodParameter:0.042403848553087355, MethodDefinition:0.010219165181686028, PublicMethodSpecifier:0.010219165181686028, StaticMethodSpecifier:0.047202731434856086, VoidDataType:0.010219165181686028, IntDataType:0.14837283835118278, SimpleAssignmentExpression:0.047945504424613664, ForStatement:0.7625631519590442, LessExpression:0.38165648258578694, PostIncrementExpression:0.4532606303290731, AddAssignmentExpression:0.7542906259930543"
345,"Java Test (Hung)",564,"Loops for",308,jFor2,"Loop For 2","ClassDefinition:0.0, PublicClassSpecifier:0.001445240874180953, FormalMethodParameter:0.042403848553087355, MethodDefinition:0.010219165181686028, PublicMethodSpecifier:0.010219165181686028, StaticMethodSpecifier:0.047202731434856086, VoidDataType:0.010219165181686028, IntDataType:0.14837283835118278, SimpleAssignmentExpression:0.05942721691720237, ForStatement:0.7625631519590442, LessExpression:0.38165648258578694, PostIncrementExpression:0.4532606303290731, AddExpression:0.38866138415444546"
345,"Java Test (Hung)",564,"Loops for",309,jFor3,"Loop For 3","ClassDefinition:0.0, PublicClassSpecifier:0.001445240874180953, FormalMethodParameter:0.042403848553087355, MethodDefinition:0.010219165181686028, PublicMethodSpecifier:0.010219165181686028, StaticMethodSpecifier:0.047202731434856086, VoidDataType:0.010219165181686028, IntDataType:0.14837283835118278, SimpleAssignmentExpression:0.05942721691720237, ForStatement:0.7625631519590442, LessExpression:0.38165648258578694, PostIncrementExpression:0.4532606303290731, MultiplyExpression:0.770996319495907"
345,"Java Test (Hung)",565,"Nested Loops",312,jNested1,"Nested Loops 1","ClassDefinition:0.0, PublicClassSpecifier:0.001445240874180953, FormalMethodParameter:0.042403848553087355, MethodDefinition:0.010219165181686028, PublicMethodSpecifier:0.010219165181686028, StaticMethodSpecifier:0.047202731434856086, VoidDataType:0.010219165181686028, IntDataType:0.18390430875913744, SimpleAssignmentExpression:0.0675736215747451, ForStatement:1.291131650738361"
345,"Java Test (Hung)",565,"Nested Loops",313,jNested2,"Problem 4","ClassDefinition:0.0, PublicClassSpecifier:0.001445240874180953, FormalMethodParameter:0.042403848553087355, MethodDefinition:0.010219165181686028, PublicMethodSpecifier:0.010219165181686028, StaticMethodSpecifier:0.047202731434856086, VoidDataType:0.010219165181686028, IntDataType:0.18390430875913744, SimpleAssignmentExpression:0.05942721691720237, ForStatement:1.291131650738361"
345,"Java Test (Hung)",566,Objects,255,jObjects2,"Objects 2 (Rectangle)","StaticMethodSpecifier:0.047202731434856086, ImportStatement:1.2481175742155695, ClassDefinition:0.0, PublicClassSpecifier:0.001445240874180953, FormalMethodParameter:0.042403848553087355, MethodDefinition:0.010219165181686028, PublicMethodSpecifier:0.010219165181686028, StaticMethodSpecifier:0.047202731434856086, VoidDataType:0.010219165181686028, SimpleAssignmentExpression:0.0675736215747451, ObjectCreationStatement:0.7542906259930543, ConstructorCall:0.7542906259930543, ActualMethodParameter:0.6823713880435349, DoubleDataType:1.4110786169854597, ObjectMethodInvocation:1.1384493433104061, MultiplyExpression:0.770996319495907, java.lang.System.out.print:0.8553172051959429"
345,"Java Test (Hung)",566,Objects,254,jObjects1,"Objects 1 (Rectangle)","ImportStatement:1.2481175742155695, ClassDefinition:0.0, PublicClassSpecifier:0.001445240874180953, FormalMethodParameter:0.042403848553087355, MethodDefinition:0.010219165181686028, PublicMethodSpecifier:0.010219165181686028, StaticMethodSpecifier:0.047202731434856086, VoidDataType:0.010219165181686028, SimpleAssignmentExpression:0.02831738727448223, ObjectCreationStatement:0.7542906259930543, ConstructorCall:0.7542906259930543, ActualMethodParameter:0.6823713880435349, java.lang.System.out.print:0.8553172051959429, ObjectMethodInvocation:0.6723865216099562"
345,"Java Test (Hung)",566,Objects,256,jObjects3,"Objects 3 (Rectangle)","ImportStatement:1.2481175742155695, ClassDefinition:0.0, PublicClassSpecifier:0.001445240874180953, FormalMethodParameter:0.042403848553087355, MethodDefinition:0.010219165181686028, PublicMethodSpecifier:0.010219165181686028, StaticMethodSpecifier:0.047202731434856086, VoidDataType:0.010219165181686028, SimpleAssignmentExpression:0.02831738727448223, ObjectCreationStatement:0.7542906259930543, ConstructorCall:0.7542906259930543, ActualMethodParameter:0.8457817470481722, ObjectMethodInvocation:1.1384493433104061, java.lang.System.out.print:0.8553172051959429"
345,"Java Test (Hung)",567,Classes,565,jClassCashRegister,"Class (Cash Register)","ClassDefinition:0.0, PublicClassSpecifier:0.0024470055113494714, FormalMethodParameter:0.10118806469201419, MethodDefinition:0.026666277058518033, PublicMethodSpecifier:0.026666277058518033, StaticMethodSpecifier:0.047202731434856086, VoidDataType:0.02438593624841009, SimpleAssignmentExpression:0.105002293577833, ObjectCreationStatement:0.7542906259930543, ConstructorCall:0.7542906259930543, ObjectMethodInvocation:1.604512165010856, ActualMethodParameter:0.8457817470481722, DoubleDataType:2.22061370299916, ConstructorDefinition:0.7461727357708748, PublicConstructorSpecifier:0.7461727357708748, AddExpression:0.6580609267736252, IntDataType:0.08763138849046424, MultiplyExpression:0.770996319495907, SubtractExpression:0.44918271790863373, ReturnStatement:0.7382038060995995, PublicFieldSpecifier:2.7593848049088066, StaticFieldSpecifier:2.7593848049088066, FinalFieldSpecifier:2.7593848049088066, ClassField:2.7593848049088066, ClassConstantInitializationStatement:2.7593848049088066, PrivateFieldSpecifier:1.2498876929761575, InstanceField:1.1737516973270274, SimpleVariable:1.1047644701605974"
345,"Java Test (Hung)",567,Classes,543,jClassBankAccountThis,"Class (Bank Account This)","ClassDefinition:0.0, PublicClassSpecifier:0.0024470055113494714, FormalMethodParameter:0.10118806469201419, MethodDefinition:0.026666277058518033, PublicMethodSpecifier:0.026666277058518033, StaticMethodSpecifier:0.047202731434856086, VoidDataType:0.02438593624841009, SimpleAssignmentExpression:0.08720173872487652, ObjectCreationStatement:0.7542906259930543, ConstructorCall:0.7542906259930543, ActualMethodParameter:0.6823713880435349, ObjectMethodInvocation:1.1384493433104061, DoubleDataType:1.8771414386859093, ConstructorDefinition:1.2633802637811578, PublicConstructorSpecifier:1.2633802637811578, InstanceFieldInvocation:3.6768422290959446, ThisReference:3.6768422290959446, AddExpression:0.38866138415444546, SubtractExpression:0.44918271790863373, ReturnStatement:0.7382038060995995, PrivateFieldSpecifier:0.7382038060995995, InstanceField:0.6932366605830763, SimpleVariable:0.6524916928930169"
345,"Java Test (Hung)",567,Classes,263,jClasses_Getter,"Class 5 (Point)","ClassDefinition:0.0, PublicClassSpecifier:0.0024470055113494714, FormalMethodParameter:0.07179595662255077, MethodDefinition:0.02438593624841009, PublicMethodSpecifier:0.02438593624841009, StaticMethodSpecifier:0.047202731434856086, VoidDataType:0.01730255071504806, SimpleAssignmentExpression:0.08342047856662699, ObjectCreationStatement:0.7542906259930543, ConstructorCall:0.7542906259930543, ObjectMethodInvocation:1.1384493433104061, ActualMethodParameter:0.4030195342013126, IntDataType:0.24464575861985594, AddExpression:0.38866138415444546, PrivateFieldSpecifier:1.2498876929761575, InstanceField:1.1737516973270274, InstanceFieldInitializationStatement:2.58090485941742, ConstructorDefinition:0.7461727357708748, PublicConstructorSpecifier:0.7461727357708748, ReturnStatement:1.2498876929761575"
345,"Java Test (Hung)",567,Classes,261,jBa_ques,"Class 3 (BankAccount)","ClassDefinition:0.0, PublicClassSpecifier:0.0024470055113494714, FormalMethodParameter:0.10118806469201419, MethodDefinition:0.02438593624841009, PublicMethodSpecifier:0.02438593624841009, StaticMethodSpecifier:0.047202731434856086, VoidDataType:0.021446065630215578, SimpleAssignmentExpression:0.0905370465599225, ObjectCreationStatement:1.2771250467229363, ConstructorCall:1.2771250467229363, ObjectMethodInvocation:1.1384493433104061, ActualMethodParameter:0.6823713880435349, MultiplyExpression:0.770996319495907, DoubleDataType:1.8771414386859093, AddExpression:0.6580609267736252, ConstructorDefinition:1.2633802637811578, PublicConstructorSpecifier:1.2633802637811578, SubtractExpression:0.44918271790863373, ReturnStatement:0.7382038060995995, PrivateFieldSpecifier:0.7382038060995995, InstanceField:0.6932366605830763, SimpleVariable:0.6524916928930169"
345,"Java Test (Hung)",567,Classes,259,jClass1,"Class 1 (BankAccount)","ClassDefinition:0.0, PublicClassSpecifier:0.0024470055113494714, FormalMethodParameter:0.10118806469201419, MethodDefinition:0.02438593624841009, PublicMethodSpecifier:0.02438593624841009, StaticMethodSpecifier:0.047202731434856086, VoidDataType:0.021446065630215578, SimpleAssignmentExpression:0.08720173872487652, ObjectCreationStatement:0.7542906259930543, ConstructorCall:0.7542906259930543, ActualMethodParameter:0.4030195342013126, DoubleDataType:1.8771414386859093, ObjectMethodInvocation:0.6723865216099562, ConstructorDefinition:1.2633802637811578, PublicConstructorSpecifier:1.2633802637811578, AddExpression:0.38866138415444546, SubtractExpression:0.44918271790863373, ReturnStatement:0.7382038060995995, PrivateFieldSpecifier:0.7382038060995995, InstanceField:0.6932366605830763, SimpleVariable:0.6524916928930169"
345,"Java Test (Hung)",567,Classes,260,jBankAccount,"Class 2 (BankAccount)","ClassDefinition:0.0, PublicClassSpecifier:0.0024470055113494714, FormalMethodParameter:0.10118806469201419, MethodDefinition:0.02438593624841009, PublicMethodSpecifier:0.02438593624841009, StaticMethodSpecifier:0.047202731434856086, VoidDataType:0.021446065630215578, SimpleAssignmentExpression:0.08720173872487652, ObjectCreationStatement:0.7542906259930543, ConstructorCall:0.7542906259930543, ObjectMethodInvocation:1.4110786169854597, ActualMethodParameter:0.6823713880435349, DoubleDataType:1.8771414386859093, ConstructorDefinition:1.2633802637811578, PublicConstructorSpecifier:1.2633802637811578, AddExpression:0.38866138415444546, SubtractExpression:0.44918271790863373, ReturnStatement:0.7382038060995995, PrivateFieldSpecifier:0.7382038060995995, InstanceField:0.6932366605830763, SimpleVariable:0.6524916928930169"
345,"Java Test (Hung)",567,Classes,262,jClasses4,"Class 4 (CashRegister)","ClassDefinition:0.0, PublicClassSpecifier:0.0024470055113494714, FormalMethodParameter:0.08898923766033058, MethodDefinition:0.02438593624841009, PublicMethodSpecifier:0.02438593624841009, StaticMethodSpecifier:0.047202731434856086, VoidDataType:0.021446065630215578, SimpleAssignmentExpression:0.09352058108524432, ObjectCreationStatement:0.7542906259930543, ConstructorCall:0.7542906259930543, ObjectMethodInvocation:1.4110786169854597, ActualMethodParameter:0.6823713880435349, DoubleDataType:1.8771414386859093, ConstructorDefinition:0.7461727357708748, PublicConstructorSpecifier:0.7461727357708748, AddExpression:0.38866138415444546, SubtractExpression:0.44918271790863373, ReturnStatement:0.7382038060995995, PrivateFieldSpecifier:1.2498876929761575, InstanceField:1.1737516973270274, SimpleVariable:1.1047644701605974"
345,"Java Test (Hung)",568,Arrays,317,jArray3,"Arrays 3","ClassDefinition:0.0, PublicClassSpecifier:0.0024470055113494714, FormalMethodParameter:0.10118806469201419, MethodDefinition:0.026666277058518033, PublicMethodSpecifier:0.026666277058518033, StaticMethodSpecifier:0.047202731434856086, VoidDataType:0.02438593624841009, ArrayInitializationStatement:1.1998128946410145, ArrayInitializer:1.1998128946410145, ArrayVariable:0.9470875785515882, ArrayDataType:1.2232939904905373, DoubleDataType:2.2846989832718094, SimpleAssignmentExpression:0.10854658676935297, ObjectCreationStatement:0.7542906259930543, ConstructorCall:0.7542906259930543, IntDataType:0.14837283835118278, ForStatement:0.7625631519590442, LessExpression:0.38165648258578694, ArrayLength:1.5754765086018998, PostIncrementExpression:0.4532606303290731, ObjectMethodInvocation:1.4110786169854597, ActualMethodParameter:0.6823713880435349, ArrayElement:0.9600525557159558, ConstructorDefinition:0.7461727357708748, PublicConstructorSpecifier:0.7461727357708748, AddExpression:0.6580609267736252, MultiplyExpression:0.770996319495907, SubtractExpression:0.44918271790863373, ReturnStatement:0.7382038060995995, PublicFieldSpecifier:2.7593848049088066, StaticFieldSpecifier:2.7593848049088066, FinalFieldSpecifier:2.7593848049088066, ClassField:2.7593848049088066, ClassConstantInitializationStatement:2.7593848049088066, PrivateFieldSpecifier:1.2498876929761575, InstanceField:1.1737516973270274, SimpleVariable:1.1047644701605974"
345,"Java Test (Hung)",568,Arrays,319,jArray5,"Arrays 5","ClassDefinition:0.0, PublicClassSpecifier:0.0024470055113494714, FormalMethodParameter:0.10118806469201419, MethodDefinition:0.02438593624841009, PublicMethodSpecifier:0.02438593624841009, StaticMethodSpecifier:0.047202731434856086, VoidDataType:0.021446065630215578, ArrayCreationStatement:1.2744465129379186, ArrayVariable:0.9470875785515882, ArrayDataType:1.2232939904905373, SimpleAssignmentExpression:0.09352058108524432, IntDataType:0.08763138849046424, ForStatement:0.7625631519590442, LessExpression:0.38165648258578694, ArrayLength:1.5754765086018998, PostIncrementExpression:0.4532606303290731, ArrayElement:1.6255102778998405, ObjectCreationStatement:0.7542906259930543, ConstructorCall:0.7542906259930543, ActualMethodParameter:0.4030195342013126, MultiplyExpression:0.770996319495907, DoubleDataType:1.8771414386859093, ObjectMethodInvocation:0.6723865216099562, ConstructorDefinition:1.2633802637811578, PublicConstructorSpecifier:1.2633802637811578, AddExpression:0.38866138415444546, SubtractExpression:0.44918271790863373, ReturnStatement:0.7382038060995995, PrivateFieldSpecifier:0.7382038060995995, InstanceField:0.6932366605830763, SimpleVariable:0.6524916928930169"
345,"Java Test (Hung)",568,Arrays,316,jArray2,"Problem 6","ClassDefinition:0.0, PublicClassSpecifier:0.001445240874180953, FormalMethodParameter:0.042403848553087355, MethodDefinition:0.010219165181686028, PublicMethodSpecifier:0.010219165181686028, StaticMethodSpecifier:0.047202731434856086, VoidDataType:0.010219165181686028, IntDataType:0.18390430875913744, SimpleAssignmentExpression:0.0675736215747451, ArrayInitializationStatement:1.1998128946410145, ArrayInitializer:1.1998128946410145, ArrayVariable:0.9470875785515882, ForStatement:0.7625631519590442, LessExpression:0.38165648258578694, ArrayLength:1.5754765086018998, PostIncrementExpression:0.4532606303290731, IfStatement:0.6035052322021434, ArrayElement:1.6255102778998405, GreaterExpression:0.730378468587643, AddExpression:0.38866138415444546"
345,"Java Test (Hung)",568,Arrays,318,jArray4,"Arrays 4","ClassDefinition:0.0, PublicClassSpecifier:0.001445240874180953, FormalMethodParameter:0.042403848553087355, MethodDefinition:0.010219165181686028, PublicMethodSpecifier:0.010219165181686028, StaticMethodSpecifier:0.047202731434856086, VoidDataType:0.010219165181686028, ArrayCreationStatement:1.2744465129379186, ArrayVariable:0.9470875785515882, ArrayDataType:1.2232939904905373, IntDataType:0.18390430875913744, SimpleAssignmentExpression:0.0675736215747451, ForStatement:0.7625631519590442, LessExpression:0.38165648258578694, ArrayLength:1.5754765086018998, PostIncrementExpression:0.4532606303290731, ArrayElement:1.6255102778998405, MultiplyExpression:0.770996319495907"
345,"Java Test (Hung)",568,Arrays,315,jArray1,"Problem 5","ClassDefinition:0.0, PublicClassSpecifier:0.001445240874180953, FormalMethodParameter:0.042403848553087355, MethodDefinition:0.010219165181686028, PublicMethodSpecifier:0.010219165181686028, StaticMethodSpecifier:0.047202731434856086, VoidDataType:0.010219165181686028, ArrayInitializationStatement:1.1998128946410145, ArrayInitializer:1.1998128946410145, ArrayVariable:0.9470875785515882, ArrayDataType:1.2232939904905373, IntDataType:0.18390430875913744, SimpleAssignmentExpression:0.05942721691720237, WhileStatement:0.770996319495907, LessExpression:0.38165648258578694, AddAssignmentExpression:0.7542906259930543, ArrayElement:0.9600525557159558, PostIncrementExpression:0.4532606303290731"
345,"Java Test (Hung)",568,Arrays,545,jEnhancedForLoop,"Enhanced For Loop","ClassDefinition:0.0, FormalMethodParameter:0.042403848553087355, MethodDefinition:0.010219165181686028, PublicMethodSpecifier:0.010219165181686028, StaticMethodSpecifier:0.047202731434856086, VoidDataType:0.010219165181686028, ArrayInitializationStatement:1.1998128946410145, ArrayInitializer:1.1998128946410145, ArrayVariable:0.9470875785515882, IntDataType:0.18390430875913744, SimpleAssignmentExpression:0.047945504424613664, ForEachStatement:1.4785664955938433, IfStatement:0.6035052322021434, LessExpression:0.38165648258578694, java.lang.System.out.println:0.8351138191076559, ActualMethodParameter:0.4030195342013126"
345,"Java Test (Hung)",569,Two-dimensional_Arrays,328,j2D_arrays3,"Problem 7","ClassDefinition:0.0, PublicClassSpecifier:0.001445240874180953, FormalMethodParameter:0.042403848553087355, MethodDefinition:0.010219165181686028, PublicMethodSpecifier:0.010219165181686028, StaticMethodSpecifier:0.047202731434856086, VoidDataType:0.010219165181686028, Constant:2.1578255201552907, ConstantInitializationStatement:2.2052822744937375, IntDataType:0.2581541967298676, SimpleAssignmentExpression:0.08720173872487652, ArrayCreationStatement:1.2744465129379186, ArrayVariable:0.9470875785515882, MultiDimensionalArrayDataType:1.6334684555795864, ForStatement:1.8197001495176777"
345,"Java Test (Hung)",569,Two-dimensional_Arrays,327,j2D_Arrays2,"2D Arrays 2","ClassDefinition:0.0, PublicClassSpecifier:0.001445240874180953, FormalMethodParameter:0.042403848553087355, MethodDefinition:0.010219165181686028, PublicMethodSpecifier:0.010219165181686028, StaticMethodSpecifier:0.047202731434856086, VoidDataType:0.010219165181686028, ArrayCreationStatement:1.2744465129379186, ArrayVariable:0.9470875785515882, MultiDimensionalArrayDataType:1.6334684555795864, IntDataType:0.2091142882119013, SimpleAssignmentExpression:0.07389246393511288, ForStatement:1.291131650738361"
345,"Java Test (Hung)",569,Two-dimensional_Arrays,329,j2D_arrays4,"2D Arrays 4","ClassDefinition:0.0, PublicClassSpecifier:0.001445240874180953, FormalMethodParameter:0.042403848553087355, MethodDefinition:0.010219165181686028, PublicMethodSpecifier:0.010219165181686028, StaticMethodSpecifier:0.047202731434856086, VoidDataType:0.010219165181686028, ArrayInitializationStatement:1.1998128946410145, ArrayInitializer:1.1998128946410145, ArrayVariable:0.9470875785515882, MultiDimensionalArrayDataType:1.6334684555795864, IntDataType:0.2091142882119013, SimpleAssignmentExpression:0.0675736215747451, ForStatement:1.291131650738361"
345,"Java Test (Hung)",569,Two-dimensional_Arrays,326,j2D_Arrays1,"2D Arrays 1","ClassDefinition:0.0, PublicClassSpecifier:0.001445240874180953, FormalMethodParameter:0.042403848553087355, MethodDefinition:0.010219165181686028, PublicMethodSpecifier:0.010219165181686028, StaticMethodSpecifier:0.047202731434856086, VoidDataType:0.010219165181686028, ArrayInitializationStatement:1.1998128946410145, ArrayInitializer:1.1998128946410145, ArrayVariable:0.9470875785515882, MultiDimensionalArrayDataType:1.6334684555795864, IntDataType:0.2091142882119013, SimpleAssignmentExpression:0.0675736215747451, ArrayElement:1.6255102778998405, AddExpression:0.38866138415444546"
345,"Java Test (Hung)",570,ArrayList,330,jArrayList4,"ArrayList 4","java.util.ArrayList:2.310507827583246, ImportStatement:1.2481175742155695, ClassDefinition:0.0, PublicClassSpecifier:0.0024470055113494714, FormalMethodParameter:0.11838134572979397, MethodDefinition:0.026666277058518033, PublicMethodSpecifier:0.026666277058518033, StaticMethodSpecifier:0.047202731434856086, VoidDataType:0.021446065630215578, SimpleAssignmentExpression:0.10095005156915493, GenericObjectCreationStatement:1.3646231432870066, ObjectMethodInvocation:2.2846989832718094, ActualMethodParameter:1.331006305838659, ObjectCreationStatement:2.4911089771898083, ConstructorCall:2.4911089771898083, DoubleDataType:1.9807902780987696, MultiplyExpression:0.770996319495907, IntDataType:0.2286686674462587, ForEachStatement:1.4785664955938433, IfStatement:0.6035052322021434, GreaterEqualExpression:1.7004152452101997, PostIncrementExpression:0.4532606303290731, ConstructorDefinition:1.7805877917914408, PublicConstructorSpecifier:1.7805877917914408, ReturnStatement:1.2498876929761575, AddExpression:0.38866138415444546, SubtractExpression:0.44918271790863373, PrivateFieldSpecifier:1.2498876929761575, InstanceField:1.1737516973270274, SimpleVariable:1.1047644701605974"
345,"Java Test (Hung)",570,ArrayList,331,jArrayList5,"ArrayList 5","java.util.ArrayList:2.310507827583246, ImportStatement:1.2481175742155695, ClassDefinition:0.0, PublicClassSpecifier:0.0024470055113494714, FormalMethodParameter:0.11838134572979397, MethodDefinition:0.026666277058518033, PublicMethodSpecifier:0.026666277058518033, StaticMethodSpecifier:0.047202731434856086, VoidDataType:0.021446065630215578, SimpleAssignmentExpression:0.09868345121746523, GenericObjectCreationStatement:1.3646231432870066, IntDataType:0.2286686674462587, ForStatement:0.7625631519590442, LessExpression:0.38165648258578694, PostIncrementExpression:0.4532606303290731, IfStatement:0.6035052322021434, ModulusExpression:1.0635931476230254, EqualExpression:0.8351138191076559, ObjectMethodInvocation:1.1384493433104061, ActualMethodParameter:0.6823713880435349, ObjectCreationStatement:0.7542906259930543, ConstructorCall:0.7542906259930543, AddExpression:0.6580609267736252, MultiplyExpression:0.770996319495907, ForEachStatement:1.4785664955938433, java.lang.System.out.println:0.8351138191076559, ConstructorDefinition:1.7805877917914408, PublicConstructorSpecifier:1.7805877917914408, DoubleDataType:1.8771414386859093, ReturnStatement:1.2498876929761575, SubtractExpression:0.44918271790863373, PrivateFieldSpecifier:1.2498876929761575, InstanceField:1.1737516973270274, SimpleVariable:1.1047644701605974"
345,"Java Test (Hung)",570,ArrayList,320,jArrayList1,"ArrayList 1","java.util.ArrayList:2.310507827583246, ImportStatement:1.2481175742155695, ClassDefinition:0.0, PublicClassSpecifier:0.0024470055113494714, FormalMethodParameter:0.11838134572979397, MethodDefinition:0.026666277058518033, PublicMethodSpecifier:0.026666277058518033, StaticMethodSpecifier:0.047202731434856086, VoidDataType:0.021446065630215578, SimpleAssignmentExpression:0.09868345121746523, GenericObjectCreationStatement:1.3646231432870066, ObjectMethodInvocation:1.8771414386859093, ActualMethodParameter:1.1251336008903943, ObjectCreationStatement:1.9682745564599264, ConstructorCall:1.9682745564599264, DoubleDataType:1.9807902780987696, ConstructorDefinition:1.7805877917914408, PublicConstructorSpecifier:1.7805877917914408, IntDataType:0.2091142882119013, ReturnStatement:1.2498876929761575, AddExpression:0.38866138415444546, SubtractExpression:0.44918271790863373, PrivateFieldSpecifier:1.2498876929761575, InstanceField:1.1737516973270274, SimpleVariable:1.1047644701605974"
345,"Java Test (Hung)",570,ArrayList,321,jArrayList2,"ArrayList 2","java.util.ArrayList:2.310507827583246, ImportStatement:1.2481175742155695, ClassDefinition:0.0, PublicClassSpecifier:0.001445240874180953, FormalMethodParameter:0.042403848553087355, MethodDefinition:0.010219165181686028, PublicMethodSpecifier:0.010219165181686028, StaticMethodSpecifier:0.047202731434856086, VoidDataType:0.010219165181686028, StringDataType:2.5716841865910154, SimpleAssignmentExpression:0.05942721691720237, GenericObjectCreationStatement:1.3646231432870066, IntDataType:0.08763138849046424, ObjectMethodInvocation:2.149770712360963, ActualMethodParameter:1.2410750957279792, StringLiteral:2.4601702753255865, IfElseIfStatement:1.6334684555795864, ModulusExpression:1.8008197391608032, EqualExpression:1.413970608268776, IfElseStatement:1.177536499929862"
345,"Java Test (Hung)",570,ArrayList,322,jArrayList3,"ArrayList 3","java.util.ArrayList:2.310507827583246, ImportStatement:1.2481175742155695, ClassDefinition:0.0, PublicClassSpecifier:0.001445240874180953, FormalMethodParameter:0.042403848553087355, MethodDefinition:0.010219165181686028, PublicMethodSpecifier:0.010219165181686028, StaticMethodSpecifier:0.047202731434856086, VoidDataType:0.010219165181686028, StringDataType:1.413970608268776, SimpleAssignmentExpression:0.05942721691720237, GenericObjectCreationStatement:1.3646231432870066, IntDataType:0.14837283835118278, ForStatement:0.7625631519590442, LessExpression:0.38165648258578694, PostIncrementExpression:0.4532606303290731, ObjectMethodInvocation:1.4110786169854597, ActualMethodParameter:0.8457817470481722, StringLiteral:0.8351138191076559, StringAddition:1.2232939904905373, java.lang.System.out.println:1.413970608268776"
345,"Java Test (Hung)",571,Inheritance,339,jInheritance2,"Inheritance 2","ClassDefinition:0.0, PublicClassSpecifier:0.00344877014851799, FormalMethodParameter:0.11838134572979397, MethodDefinition:0.037188127956963586, PublicMethodSpecifier:0.037188127956963586, StaticMethodSpecifier:0.047202731434856086, VoidDataType:0.010219165181686028, SimpleAssignmentExpression:0.105002293577833, ObjectCreationStatement:1.799959467452818, ConstructorCall:1.799959467452818, ActualMethodParameter:1.2410750957279792, IntDataType:0.3124014620925428, IfElseIfStatement:2.765702510098185, LessExpression:0.9959088951855976, java.lang.System.out.println:1.9928273974298958, ObjectMethodInvocation:1.7545508812987103, IfElseStatement:2.4711925691080436, ExtendsSpecification:2.3693651897863552, PrivateFieldSpecifier:1.54920357902219, InstanceField:1.4548349748548874, DoubleDataType:1.8771414386859093, SimpleVariable:1.3693270849591437, PublicFieldSpecifier:3.0174162258609356, StaticFieldSpecifier:3.0174162258609356, FinalFieldSpecifier:3.0174162258609356, ClassField:3.0174162258609356, ClassConstantInitializationStatement:3.0174162258609356, ConstructorDefinition:1.5659272727578606, PublicConstructorSpecifier:1.5659272727578606"
345,"Java Test (Hung)",571,Inheritance,341,jInheritance4,"Inheritance 4","java.util.ArrayList:2.310507827583246, ImportStatement:1.2481175742155695, ClassDefinition:0.0, PublicClassSpecifier:0.00344877014851799, FormalMethodParameter:0.11838134572979397, MethodDefinition:0.037188127956963586, PublicMethodSpecifier:0.037188127956963586, StaticMethodSpecifier:0.047202731434856086, VoidDataType:0.010219165181686028, SimpleAssignmentExpression:0.09621951635796391, GenericObjectCreationStatement:1.3646231432870066, ObjectMethodInvocation:1.8771414386859093, ActualMethodParameter:1.0516544519964366, ObjectCreationStatement:1.799959467452818, ConstructorCall:1.799959467452818, java.lang.System.out.println:0.8351138191076559, ExtendsSpecification:2.3693651897863552, PrivateFieldSpecifier:1.54920357902219, InstanceField:1.4548349748548874, DoubleDataType:1.8771414386859093, SimpleVariable:1.3693270849591437, PublicFieldSpecifier:3.0174162258609356, StaticFieldSpecifier:3.0174162258609356, FinalFieldSpecifier:3.0174162258609356, ClassField:3.0174162258609356, ClassConstantInitializationStatement:3.0174162258609356, IntDataType:0.3053872084805745, ConstructorDefinition:1.5659272727578606, PublicConstructorSpecifier:1.5659272727578606"
345,"Java Test (Hung)",571,Inheritance,343,jInheritance6,"Inheritance 6","ClassDefinition:0.0, PublicClassSpecifier:0.00344877014851799, FormalMethodParameter:0.11838134572979397, MethodDefinition:0.037188127956963586, PublicMethodSpecifier:0.037188127956963586, StaticMethodSpecifier:0.047202731434856086, VoidDataType:0.010219165181686028, SimpleAssignmentExpression:0.1145303082093471, ObjectCreationStatement:1.799959467452818, ConstructorCall:1.799959467452818, ActualMethodParameter:1.1872593360711918, IntDataType:0.3124014620925428, IfElseStatement:3.0727083861919366, java.lang.String.equals:3.5685123294367225, ObjectMethodInvocation:1.604512165010856, MultiplyExpression:2.2712858824872852, AddExpression:0.9274604693928049, ExtendsSpecification:2.3693651897863552, PrivateFieldSpecifier:1.54920357902219, InstanceField:1.4548349748548874, DoubleDataType:1.8771414386859093, SimpleVariable:1.3693270849591437, PublicFieldSpecifier:3.0174162258609356, StaticFieldSpecifier:3.0174162258609356, FinalFieldSpecifier:3.0174162258609356, ClassField:3.0174162258609356, ClassConstantInitializationStatement:3.0174162258609356, ConstructorDefinition:1.5659272727578606, PublicConstructorSpecifier:1.5659272727578606"
345,"Java Test (Hung)",571,Inheritance,338,jInheritance1,"Inheritance 1","ClassDefinition:0.0, PublicClassSpecifier:0.00344877014851799, FormalMethodParameter:0.11838134572979397, MethodDefinition:0.037188127956963586, PublicMethodSpecifier:0.037188127956963586, StaticMethodSpecifier:0.047202731434856086, VoidDataType:0.010219165181686028, SimpleAssignmentExpression:0.10095005156915493, ObjectCreationStatement:1.5829635769361852, ConstructorCall:1.5829635769361852, ActualMethodParameter:1.1872593360711918, java.lang.System.out.println:1.9928273974298958, ObjectMethodInvocation:1.7545508812987103, ExplicitTypeCasting:2.619314878951426, ExtendsSpecification:2.3693651897863552, PrivateFieldSpecifier:1.54920357902219, InstanceField:1.4548349748548874, DoubleDataType:1.8771414386859093, SimpleVariable:1.3693270849591437, PublicFieldSpecifier:3.0174162258609356, StaticFieldSpecifier:3.0174162258609356, FinalFieldSpecifier:3.0174162258609356, ClassField:3.0174162258609356, ClassConstantInitializationStatement:3.0174162258609356, IntDataType:0.3053872084805745, ConstructorDefinition:1.5659272727578606, PublicConstructorSpecifier:1.5659272727578606"
345,"Java Test (Hung)",571,Inheritance,340,jInheritance3,"Inheritance 3","ClassDefinition:0.0, PublicClassSpecifier:0.00344877014851799, FormalMethodParameter:0.11838134572979397, MethodDefinition:0.037188127956963586, PublicMethodSpecifier:0.037188127956963586, StaticMethodSpecifier:0.047202731434856086, VoidDataType:0.010219165181686028, SimpleAssignmentExpression:0.10095005156915493, ObjectCreationStatement:1.5829635769361852, ConstructorCall:1.5829635769361852, ActualMethodParameter:1.1251336008903943, java.lang.System.out.println:1.7525801232158837, ObjectMethodInvocation:1.604512165010856, ExtendsSpecification:2.3693651897863552, PrivateFieldSpecifier:1.54920357902219, InstanceField:1.4548349748548874, DoubleDataType:1.8771414386859093, SimpleVariable:1.3693270849591437, PublicFieldSpecifier:3.0174162258609356, StaticFieldSpecifier:3.0174162258609356, FinalFieldSpecifier:3.0174162258609356, ClassField:3.0174162258609356, ClassConstantInitializationStatement:3.0174162258609356, IntDataType:0.3053872084805745, ConstructorDefinition:1.5659272727578606, PublicConstructorSpecifier:1.5659272727578606"
345,"Java Test (Hung)",571,Inheritance,342,jInheritance5,"Inheritance 5","ClassDefinition:0.0, PublicClassSpecifier:0.00344877014851799, FormalMethodParameter:0.11838134572979397, MethodDefinition:0.037188127956963586, PublicMethodSpecifier:0.037188127956963586, StaticMethodSpecifier:0.047202731434856086, VoidDataType:0.010219165181686028, SimpleAssignmentExpression:0.10095005156915493, ObjectCreationStatement:1.5829635769361852, ConstructorCall:1.5829635769361852, ActualMethodParameter:1.1251336008903943, MultiplyExpression:1.6180223506119946, java.lang.System.out.println:1.7525801232158837, ExtendsSpecification:2.3693651897863552, PrivateFieldSpecifier:1.54920357902219, InstanceField:1.4548349748548874, DoubleDataType:1.8771414386859093, SimpleVariable:1.3693270849591437, PublicFieldSpecifier:3.0174162258609356, StaticFieldSpecifier:3.0174162258609356, FinalFieldSpecifier:3.0174162258609356, ClassField:3.0174162258609356, ClassConstantInitializationStatement:3.0174162258609356, IntDataType:0.3053872084805745, ConstructorDefinition:1.5659272727578606, PublicConstructorSpecifier:1.5659272727578606"
345,"Java Test (Hung)",572,Interfaces,335,jInterfaces3,"Interfaces 3","ClassDefinition:0.0, PublicClassSpecifier:0.00344877014851799, FormalMethodParameter:0.12491792781154451, MethodDefinition:0.03917224033955355, PublicMethodSpecifier:0.03917224033955355, StaticMethodSpecifier:0.047202731434856086, VoidDataType:0.03267296607874512, DoubleDataType:2.2846989832718094, SimpleAssignmentExpression:0.12367040735995831, MultiplyExpression:1.6180223506119946, ObjectCreationStatement:1.2771250467229363, ConstructorCall:1.2771250467229363, ActualMethodParameter:1.1872593360711918, False:3.428016974031039, IfStatement:2.050647575608746, ObjectMethodInvocation:2.0705749867113057, IntDataType:0.3053872084805745, ImplementsSpecification:2.8790532782087976, MethodImplementation:2.8790532782087976, PublicFieldSpecifier:3.4064949548449532, StaticFieldSpecifier:3.4064949548449532, FinalFieldSpecifier:3.0174162258609356, ClassField:3.4064949548449532, ClassConstantInitializationStatement:3.0174162258609356, StringVariable:2.0717601284048004, StringDataType:1.9928273974298958, StringLiteral:1.413970608268776, PrivateFieldSpecifier:2.0608874658987477, InstanceField:1.9353500115988385, SimpleVariable:1.821599862226724, ConstructorDefinition:1.5659272727578606, PublicConstructorSpecifier:1.5659272727578606, InstanceFieldInvocation:3.256885317333389, ThisReference:3.256885317333389, ReturnStatement:2.437980885616004, NotEqualExpression:1.6334684555795864, java.lang.String.equalsIgnoreCase:2.8790532782087976, LessExpression:0.9959088951855976, AddAssignmentExpression:2.2220724104502243, SubtractExpression:0.9426603716603998, GreaterExpression:1.2366382448308584, BooleanDataType:3.041204527372663, True:2.765702510098185, NotExpression:1.7004152452101997, InterfaceDefinition:1.7004152452101997, PublicInterfaceSpecifier:1.7004152452101997, AbstractMethodDefinition:2.8790532782087976, InstanceFieldInitializationStatement:2.58090485941742, AddExpression:0.6580609267736252, IfElseStatement:1.177536499929862"
345,"Java Test (Hung)",572,Interfaces,337,jInterfaces5,"Interfaces 5","ClassDefinition:0.0, PublicClassSpecifier:0.00344877014851799, FormalMethodParameter:0.12491792781154451, MethodDefinition:0.03917224033955355, PublicMethodSpecifier:0.03917224033955355, StaticMethodSpecifier:0.047202731434856086, VoidDataType:0.03267296607874512, IntDataType:0.3053872084805745, SimpleAssignmentExpression:0.12463041072796445, DoubleDataType:2.2846989832718094, MultiplyExpression:1.6180223506119946, ObjectCreationStatement:1.5829635769361852, ConstructorCall:1.5829635769361852, ActualMethodParameter:1.331006305838659, False:3.428016974031039, StringLiteral:1.7525801232158837, StringDataType:2.179177660777151, IfStatement:2.103159396883101, ObjectMethodInvocation:2.2846989832718094, AddAssignmentExpression:2.4116365278793155, ImplementsSpecification:2.8790532782087976, MethodImplementation:2.8790532782087976, PublicFieldSpecifier:3.4064949548449532, StaticFieldSpecifier:3.4064949548449532, FinalFieldSpecifier:3.0174162258609356, ClassField:3.4064949548449532, ClassConstantInitializationStatement:3.0174162258609356, StringVariable:2.0717601284048004, PrivateFieldSpecifier:2.0608874658987477, InstanceField:1.9353500115988385, SimpleVariable:1.821599862226724, ConstructorDefinition:1.5659272727578606, PublicConstructorSpecifier:1.5659272727578606, InstanceFieldInvocation:3.256885317333389, ThisReference:3.256885317333389, ReturnStatement:2.437980885616004, NotEqualExpression:1.6334684555795864, java.lang.String.equalsIgnoreCase:2.8790532782087976, LessExpression:0.9959088951855976, SubtractExpression:0.9426603716603998, GreaterExpression:1.2366382448308584, BooleanDataType:3.041204527372663, True:2.765702510098185, NotExpression:1.7004152452101997, InterfaceDefinition:1.7004152452101997, PublicInterfaceSpecifier:1.7004152452101997, AbstractMethodDefinition:2.8790532782087976, InstanceFieldInitializationStatement:2.58090485941742, AddExpression:0.6580609267736252, IfElseStatement:1.177536499929862"
345,"Java Test (Hung)",572,Interfaces,336,jInterfaces4,"Interfaces 4","ClassDefinition:0.0, PublicClassSpecifier:0.00344877014851799, FormalMethodParameter:0.12491792781154451, MethodDefinition:0.03917224033955355, PublicMethodSpecifier:0.03917224033955355, StaticMethodSpecifier:0.047202731434856086, VoidDataType:0.03267296607874512, SimpleAssignmentExpression:0.12164687620264263, ObjectCreationStatement:1.2771250467229363, ConstructorCall:1.2771250467229363, ActualMethodParameter:1.1872593360711918, StringLiteral:1.7525801232158837, StringDataType:2.179177660777151, IfStatement:2.050647575608746, ObjectMethodInvocation:2.0705749867113057, IntDataType:0.3053872084805745, ImplementsSpecification:2.8790532782087976, MethodImplementation:2.8790532782087976, PublicFieldSpecifier:3.4064949548449532, StaticFieldSpecifier:3.4064949548449532, FinalFieldSpecifier:3.0174162258609356, ClassField:3.4064949548449532, ClassConstantInitializationStatement:3.0174162258609356, StringVariable:2.0717601284048004, PrivateFieldSpecifier:2.0608874658987477, InstanceField:1.9353500115988385, SimpleVariable:1.821599862226724, ConstructorDefinition:1.5659272727578606, PublicConstructorSpecifier:1.5659272727578606, InstanceFieldInvocation:3.256885317333389, ThisReference:3.256885317333389, ReturnStatement:2.437980885616004, NotEqualExpression:1.6334684555795864, java.lang.String.equalsIgnoreCase:2.8790532782087976, LessExpression:0.9959088951855976, AddAssignmentExpression:2.2220724104502243, SubtractExpression:0.9426603716603998, GreaterExpression:1.2366382448308584, DoubleDataType:2.149770712360963, BooleanDataType:3.041204527372663, True:2.765702510098185, False:2.765702510098185, NotExpression:1.7004152452101997, InterfaceDefinition:1.7004152452101997, PublicInterfaceSpecifier:1.7004152452101997, AbstractMethodDefinition:2.8790532782087976, InstanceFieldInitializationStatement:2.58090485941742, AddExpression:0.6580609267736252, IfElseStatement:1.177536499929862, MultiplyExpression:0.770996319495907"
345,"Java Test (Hung)",572,Interfaces,333,jInterfaces1,"Interfaces 1","ClassDefinition:0.0, PublicClassSpecifier:0.00303300025864159, FormalMethodParameter:0.11065021004754003, MethodDefinition:0.037188127956963586, PublicMethodSpecifier:0.037188127956963586, StaticMethodSpecifier:0.047202731434856086, VoidDataType:0.03146932178177212, SimpleAssignmentExpression:0.11314869823537574, ObjectCreationStatement:1.2771250467229363, ConstructorCall:1.2771250467229363, ActualMethodParameter:1.331006305838659, True:2.765702510098185, StringLiteral:1.7525801232158837, StringDataType:2.179177660777151, ExplicitTypeCasting:2.1132467517904097, java.lang.System.out.println:1.9928273974298958, ObjectMethodInvocation:1.8771414386859093, ImplementsSpecification:2.8790532782087976, MethodImplementation:2.8790532782087976, PublicFieldSpecifier:3.0174162258609356, StaticFieldSpecifier:3.0174162258609356, FinalFieldSpecifier:3.0174162258609356, ClassField:3.0174162258609356, ClassConstantInitializationStatement:3.0174162258609356, IntDataType:0.2581541967298676, StringVariable:2.0717601284048004, PrivateFieldSpecifier:1.9262969987394463, InstanceField:1.8089580244146897, SimpleVariable:1.7026365609833463, ConstructorDefinition:1.2633802637811578, PublicConstructorSpecifier:1.2633802637811578, InstanceFieldInvocation:3.256885317333389, ThisReference:3.256885317333389, ReturnStatement:2.1746820844600707, IfStatement:1.993127383414709, NotEqualExpression:1.6334684555795864, java.lang.String.equalsIgnoreCase:2.8790532782087976, LessExpression:0.9959088951855976, AddAssignmentExpression:2.2220724104502243, SubtractExpression:0.9426603716603998, GreaterExpression:0.730378468587643, DoubleDataType:2.149770712360963, BooleanDataType:2.6745691133017373, False:1.6334684555795864, NotExpression:1.7004152452101997, InterfaceDefinition:1.7004152452101997, PublicInterfaceSpecifier:1.7004152452101997, AbstractMethodDefinition:2.8790532782087976"
345,"Java Test (Hung)",572,Interfaces,334,jInterfaces2,"Interfaces 2","ClassDefinition:0.0, PublicClassSpecifier:0.00303300025864159, FormalMethodParameter:0.11065021004754003, MethodDefinition:0.037188127956963586, PublicMethodSpecifier:0.037188127956963586, StaticMethodSpecifier:0.047202731434856086, VoidDataType:0.03146932178177212, IntDataType:0.2698557380726198, SimpleAssignmentExpression:0.11314869823537574, ObjectCreationStatement:1.2771250467229363, ConstructorCall:1.2771250467229363, ActualMethodParameter:1.1251336008903943, False:2.765702510098185, AddAssignmentExpression:2.4116365278793155, ObjectMethodInvocation:1.604512165010856, StringLiteral:1.7525801232158837, StringDataType:2.179177660777151, ImplementsSpecification:2.8790532782087976, MethodImplementation:2.8790532782087976, PublicFieldSpecifier:3.0174162258609356, StaticFieldSpecifier:3.0174162258609356, FinalFieldSpecifier:3.0174162258609356, ClassField:3.0174162258609356, ClassConstantInitializationStatement:3.0174162258609356, StringVariable:2.0717601284048004, PrivateFieldSpecifier:1.9262969987394463, InstanceField:1.8089580244146897, SimpleVariable:1.7026365609833463, ConstructorDefinition:1.2633802637811578, PublicConstructorSpecifier:1.2633802637811578, InstanceFieldInvocation:3.256885317333389, ThisReference:3.256885317333389, ReturnStatement:2.1746820844600707, IfStatement:1.993127383414709, NotEqualExpression:1.6334684555795864, java.lang.String.equalsIgnoreCase:2.8790532782087976, LessExpression:0.9959088951855976, SubtractExpression:0.9426603716603998, GreaterExpression:0.730378468587643, DoubleDataType:2.149770712360963, BooleanDataType:2.6745691133017373, True:1.6334684555795864, NotExpression:1.7004152452101997, InterfaceDefinition:1.7004152452101997, PublicInterfaceSpecifier:1.7004152452101997, AbstractMethodDefinition:2.8790532782087976"
